DriverNo,Driver,Race,Year,Stint,Compound,LapsUsed,MeanLap_s,StdLap_s,FastestLap_s
23,ALB,Australian Grand Prix,2025,5,MEDIUM,2,85.862,1.788980156401966,84.597
23,ALB,Austrian Grand Prix,2025,1,MEDIUM,8,71.10024999999999,0.30825070965043866,70.641
23,ALB,Bahrain Grand Prix,2025,1,SOFT,13,99.74276923076923,0.5717059491624096,98.699
23,ALB,Bahrain Grand Prix,2025,2,HARD,13,98.47915384615384,0.575964820417858,97.673
23,ALB,Bahrain Grand Prix,2025,3,MEDIUM,21,98.08776190476192,0.6568735726730004,97.141
23,ALB,Belgian Grand Prix,2025,2,MEDIUM,30,107.3109,0.3878923019744455,106.813
23,ALB,British Grand Prix,2025,3,MEDIUM,8,91.21837500000001,1.652662608165553,90.047
23,ALB,Canadian Grand Prix,2025,1,MEDIUM,18,77.92005555555555,0.5409391041319569,77.275
23,ALB,Canadian Grand Prix,2025,2,HARD,20,76.79440000000001,0.6087699764365239,76.197
23,ALB,Chinese Grand Prix,2025,1,MEDIUM,17,98.93123529411766,0.32878137291590886,98.311
23,ALB,Chinese Grand Prix,2025,2,HARD,34,97.19582352941177,0.6502906329545104,96.254
23,ALB,Emilia Romagna Grand Prix,2025,1,MEDIUM,25,81.95172000000001,0.2695676352977119,81.583
23,ALB,Emilia Romagna Grand Prix,2025,2,HARD,13,80.68900000000001,0.2841815734115555,80.388
23,ALB,Emilia Romagna Grand Prix,2025,3,HARD,9,79.83255555555554,0.9942820413634024,78.289
23,ALB,Hungarian Grand Prix,2025,1,SOFT,11,83.78545454545454,0.34581074698059017,83.314
23,ALB,Hungarian Grand Prix,2025,2,MEDIUM,21,82.99238095238096,0.7253420211314434,81.772
23,ALB,Hungarian Grand Prix,2025,3,HARD,29,81.97765517241379,0.9223436482237616,80.779
23,ALB,Japanese Grand Prix,2025,1,MEDIUM,22,94.28504545454544,0.6262640153187139,93.805
23,ALB,Japanese Grand Prix,2025,2,HARD,27,92.14774074074074,0.742643697185036,91.125
23,ALB,Miami Grand Prix,2025,1,MEDIUM,3,91.26266666666668,0.22744742982353636,91.071
23,ALB,Miami Grand Prix,2025,2,HARD,23,90.96321739130433,0.26606338214823555,90.482
23,ALB,Monaco Grand Prix,2025,1,MEDIUM,11,77.01245454545455,0.29272832580273794,76.556
23,ALB,Monaco Grand Prix,2025,2,MEDIUM,4,75.7925,0.4446193128209085,75.303
23,ALB,Monaco Grand Prix,2025,3,HARD,22,75.67045454545455,0.7977272912272916,74.597
23,ALB,Saudi Arabian Grand Prix,2025,1,MEDIUM,18,95.4828888888889,0.7697170518244211,94.892
23,ALB,Saudi Arabian Grand Prix,2025,2,HARD,26,93.95465384615383,0.2862048136992364,93.477
23,ALB,Spanish Grand Prix,2025,2,SOFT,2,80.7595,0.3556747109368335,80.508
14,ALO,Austrian Grand Prix,2025,1,MEDIUM,27,71.6197037037037,0.3475492012556597,70.81
14,ALO,Austrian Grand Prix,2025,2,HARD,34,70.42873529411766,0.4086811981812731,69.935
14,ALO,Bahrain Grand Prix,2025,1,MEDIUM,13,100.07876923076924,0.3841313043405332,99.318
14,ALO,Bahrain Grand Prix,2025,2,MEDIUM,13,98.74553846153847,0.5335068908309446,97.955
14,ALO,Bahrain Grand Prix,2025,3,HARD,21,98.47304761904763,0.3243787101815531,97.906
14,ALO,Belgian Grand Prix,2025,2,MEDIUM,13,108.46000000000001,0.6455679669872113,107.872
14,ALO,Belgian Grand Prix,2025,3,NONE,13,107.05700000000002,0.5360523917180707,105.849
14,ALO,British Grand Prix,2025,3,MEDIUM,8,91.524125,1.0794197432615649,90.353
14,ALO,Canadian Grand Prix,2025,1,MEDIUM,12,77.41191666666667,0.8979613737727691,76.369
14,ALO,Canadian Grand Prix,2025,2,HARD,32,76.7815625,0.4924331909819292,75.931
14,ALO,Canadian Grand Prix,2025,3,HARD,14,75.41764285714285,0.36386358541520625,75.024
14,ALO,Chinese Grand Prix,2025,1,MEDIUM,2,99.42349999999999,0.236880771697489,99.256
14,ALO,Emilia Romagna Grand Prix,2025,1,MEDIUM,8,81.849875,0.43758703215964656,81.401
14,ALO,Emilia Romagna Grand Prix,2025,2,HARD,27,82.21496296296299,0.47807566841384536,81.367
14,ALO,Emilia Romagna Grand Prix,2025,3,MEDIUM,9,80.28199999999998,0.4231432972410195,79.894
14,ALO,Hungarian Grand Prix,2025,1,MEDIUM,36,83.014,0.562251189416261,81.784
14,ALO,Hungarian Grand Prix,2025,2,HARD,29,80.9264827586207,0.5863810694596902,80.113
14,ALO,Japanese Grand Prix,2025,1,MEDIUM,21,94.49214285714287,0.22191491290904275,94.111
14,ALO,Japanese Grand Prix,2025,2,HARD,27,92.41874074074074,0.36397776692377043,91.77
14,ALO,Miami Grand Prix,2025,1,HARD,5,93.0308,0.20091590280512958,92.823
14,ALO,Miami Grand Prix,2025,2,MEDIUM,22,92.35495454545455,0.5567243891321313,91.287
14,ALO,Monaco Grand Prix,2025,1,HARD,4,76.40450000000001,0.7087253817006036,75.593
14,ALO,Monaco Grand Prix,2025,2,HARD,17,76.85029411764705,0.7375735357157536,75.823
14,ALO,Saudi Arabian Grand Prix,2025,1,MEDIUM,13,95.5863076923077,0.3987932598509707,95.098
14,ALO,Saudi Arabian Grand Prix,2025,2,HARD,29,94.27013793103448,0.8124826470295479,93.009
14,ALO,Spanish Grand Prix,2025,2,MEDIUM,4,80.96875,0.08093773326864677,80.858
14,ALO,Spanish Grand Prix,2025,3,SOFT,6,79.88283333333332,0.26061958227782195,79.587
14,ALO,Spanish Grand Prix,2025,4,SOFT,5,79.02419999999998,0.7254234625375702,78.128
12,ANT,Australian Grand Prix,2025,5,HARD,2,86.203,1.8413060582097693,84.901
12,ANT,Bahrain Grand Prix,2025,1,SOFT,9,99.003,0.5013516729801554,98.427
12,ANT,Bahrain Grand Prix,2025,2,MEDIUM,13,99.05015384615385,0.9008360788876303,98.331
12,ANT,Bahrain Grand Prix,2025,3,SOFT,2,97.1105,0.5946768029778923,96.69
12,ANT,Bahrain Grand Prix,2025,4,SOFT,21,97.9880476190476,0.6443680218780639,96.985
12,ANT,Belgian Grand Prix,2025,2,MEDIUM,15,108.16946666666666,0.7480450584849887,107.002
12,ANT,Belgian Grand Prix,2025,3,NONE,12,107.23241666666668,0.4618046533749839,106.738
12,ANT,Canadian Grand Prix,2025,1,MEDIUM,11,76.57809090909092,0.4634376882700525,76.159
12,ANT,Canadian Grand Prix,2025,2,HARD,21,75.78114285714285,0.37361869408720577,75.362
12,ANT,Canadian Grand Prix,2025,3,HARD,27,74.94285185185186,0.34446823049936376,74.455
12,ANT,Chinese Grand Prix,2025,1,MEDIUM,9,98.9792222222222,0.2509002679242176,98.503
12,ANT,Chinese Grand Prix,2025,2,HARD,42,97.52623809523809,0.9430509080101264,96.046
12,ANT,Emilia Romagna Grand Prix,2025,1,HARD,26,82.26142307692308,0.42051579500198805,81.239
12,ANT,Emilia Romagna Grand Prix,2025,2,MEDIUM,12,81.09291666666667,0.4223928499595712,80.62
12,ANT,Hungarian Grand Prix,2025,1,MEDIUM,17,83.63476470588236,0.26119617374010373,83.162
12,ANT,Hungarian Grand Prix,2025,2,HARD,46,82.01613043478261,0.982734565919577,80.745
12,ANT,Japanese Grand Prix,2025,1,MEDIUM,29,93.70117241379312,0.5308352629156061,92.961
12,ANT,Japanese Grand Prix,2025,2,HARD,20,91.39484999999999,0.26520007839166865,90.965
12,ANT,Miami Grand Prix,2025,1,MEDIUM,3,92.15666666666665,0.4936297532901885,91.786
12,ANT,Miami Grand Prix,2025,2,HARD,23,91.16965217391302,0.27149478627099277,90.807
12,ANT,Monaco Grand Prix,2025,1,HARD,12,77.24691666666668,1.0579331013678024,75.019
12,ANT,Monaco Grand Prix,2025,3,HARD,2,74.176,0.9305525240414982,73.518
12,ANT,Saudi Arabian Grand Prix,2025,1,MEDIUM,14,94.65514285714286,0.22420521408294147,94.386
12,ANT,Saudi Arabian Grand Prix,2025,2,HARD,29,93.47944827586207,0.4921970849602313,92.396
12,ANT,Spanish Grand Prix,2025,2,MEDIUM,22,80.63559090909091,0.16883907782007906,80.371
12,ANT,Spanish Grand Prix,2025,3,SOFT,2,78.64750000000001,0.5550788232314474,78.255
87,BEA,Austrian Grand Prix,2025,1,SOFT,5,71.1532,0.23071779298528178,70.807
87,BEA,Austrian Grand Prix,2025,2,HARD,25,71.51508,0.4368725901221092,70.884
87,BEA,Austrian Grand Prix,2025,3,MEDIUM,27,70.55955555555555,0.4876908962205579,69.96
87,BEA,Bahrain Grand Prix,2025,1,SOFT,11,99.6789090909091,0.3395410003358824,99.246
87,BEA,Bahrain Grand Prix,2025,2,HARD,15,98.78513333333332,0.6188998149558448,97.48
87,BEA,Bahrain Grand Prix,2025,3,SOFT,21,98.07428571428574,0.606824780546834,97.303
87,BEA,Belgian Grand Prix,2025,2,MEDIUM,29,107.82972413793105,0.5992627551864828,106.709
87,BEA,British Grand Prix,2025,3,MEDIUM,8,91.8595,0.970980947289904,90.921
87,BEA,Canadian Grand Prix,2025,1,MEDIUM,14,77.86378571428573,0.5195747045674699,77.297
87,BEA,Canadian Grand Prix,2025,2,HARD,44,76.85213636363636,0.8544306302461004,75.397
87,BEA,Chinese Grand Prix,2025,1,HARD,23,99.13500000000002,0.38262466774064097,98.371
87,BEA,Chinese Grand Prix,2025,2,MEDIUM,28,96.89253571428573,0.44170599255888937,96.363
87,BEA,Emilia Romagna Grand Prix,2025,1,HARD,25,82.48204,0.44449338952714756,81.885
87,BEA,Emilia Romagna Grand Prix,2025,3,HARD,22,80.49495454545456,0.7818150114452981,79.521
87,BEA,Hungarian Grand Prix,2025,1,MEDIUM,27,83.77570370370371,0.28431467058319754,83.114
87,BEA,Hungarian Grand Prix,2025,2,HARD,15,82.77353333333333,0.7260626563543808,81.989
87,BEA,Japanese Grand Prix,2025,1,MEDIUM,21,94.54014285714285,0.6642257361555846,93.986
87,BEA,Japanese Grand Prix,2025,2,HARD,28,92.55746428571426,0.520076738080125,92.006
87,BEA,Miami Grand Prix,2025,1,HARD,3,93.59933333333333,0.5430150396934992,93.054
87,BEA,Monaco Grand Prix,2025,2,HARD,4,76.17075,1.592028553973406,74.855
87,BEA,Monaco Grand Prix,2025,3,MEDIUM,27,76.97674074074075,0.9156795539838405,75.355
87,BEA,Saudi Arabian Grand Prix,2025,1,MEDIUM,13,95.79730769230767,0.48296814674389343,95.057
87,BEA,Saudi Arabian Grand Prix,2025,2,HARD,30,94.29193333333332,0.7054671689290593,93.238
87,BEA,Spanish Grand Prix,2025,3,MEDIUM,12,80.59783333333333,0.28042040949368524,80.017
87,BEA,Spanish Grand Prix,2025,4,SOFT,4,79.741,0.6133715567799555,78.907
5,BOR,Australian Grand Prix,2025,5,MEDIUM,2,84.481,0.4087077195258266,84.192
5,BOR,Austrian Grand Prix,2025,1,MEDIUM,16,71.3998125,0.2703065466589113,70.933
5,BOR,Austrian Grand Prix,2025,2,MEDIUM,25,70.7966,0.22539243554298824,70.493
5,BOR,Austrian Grand Prix,2025,3,HARD,18,69.86788888888888,0.7732813116376881,69.247
5,BOR,Bahrain Grand Prix,2025,1,MEDIUM,10,100.23490000000001,0.35633518864499825,99.772
5,BOR,Bahrain Grand Prix,2025,2,HARD,16,99.44999999999999,0.4926778528274505,98.456
5,BOR,Bahrain Grand Prix,2025,3,MEDIUM,21,98.73180952380952,0.4641910833964419,98.006
5,BOR,Belgian Grand Prix,2025,2,MEDIUM,30,107.53566666666666,0.48462437166241895,106.966
5,BOR,Canadian Grand Prix,2025,1,HARD,44,77.68561363636364,0.38970670044004274,76.911
5,BOR,Canadian Grand Prix,2025,2,MEDIUM,14,76.04421428571428,0.6433319729910282,75.414
5,BOR,Chinese Grand Prix,2025,2,HARD,22,99.25268181818183,0.46855719642360183,98.425
5,BOR,Chinese Grand Prix,2025,3,HARD,27,97.31100000000002,0.663690671693002,96.439
5,BOR,Emilia Romagna Grand Prix,2025,1,MEDIUM,9,82.11844444444445,0.4262027425742107,81.582
5,BOR,Emilia Romagna Grand Prix,2025,2,HARD,14,82.32000000000001,0.2689312179721807,81.98
5,BOR,Emilia Romagna Grand Prix,2025,3,HARD,13,81.34769230769233,0.5249060843959592,81.039
5,BOR,Emilia Romagna Grand Prix,2025,4,MEDIUM,9,81.37322222222221,0.5024825314818864,80.63
5,BOR,Hungarian Grand Prix,2025,1,MEDIUM,37,83.16327027027027,0.391947675692152,82.777
5,BOR,Hungarian Grand Prix,2025,2,HARD,28,81.02607142857144,0.2788311487689454,80.705
5,BOR,Japanese Grand Prix,2025,1,HARD,28,94.7005,0.5525358711331692,93.638
5,BOR,Japanese Grand Prix,2025,2,MEDIUM,20,92.5375,0.3369401789791867,92.034
5,BOR,Miami Grand Prix,2025,1,HARD,3,92.80133333333333,0.3714314651901949,92.42
5,BOR,Monaco Grand Prix,2025,2,HARD,11,77.13636363636364,0.8950686311928568,75.721
5,BOR,Monaco Grand Prix,2025,3,SOFT,3,76.31666666666666,1.6524316425599361,75.193
5,BOR,Monaco Grand Prix,2025,4,MEDIUM,20,76.97404999999999,0.7646114579176465,74.97
5,BOR,Saudi Arabian Grand Prix,2025,2,HARD,42,95.80166666666666,0.8032759045694002,94.447
5,BOR,Spanish Grand Prix,2025,2,MEDIUM,2,80.9425,0.08697413408594865,80.881
5,BOR,Spanish Grand Prix,2025,3,SOFT,8,79.908,0.4487595601846744,79.386
43,COL,Austrian Grand Prix,2025,1,SOFT,8,71.52674999999999,0.5048184256315775,70.842
43,COL,Austrian Grand Prix,2025,2,MEDIUM,20,71.46799999999999,0.46991365388256695,70.707
43,COL,Austrian Grand Prix,2025,3,HARD,27,70.56511111111111,0.6203225794408118,69.621
43,COL,Belgian Grand Prix,2025,2,MEDIUM,13,109.17207692307693,0.5828172185654845,108.423
43,COL,Belgian Grand Prix,2025,3,NONE,14,106.95492857142855,0.317224129523036,106.44
43,COL,Canadian Grand Prix,2025,1,MEDIUM,11,77.58645454545456,0.27687772161600843,77.262
43,COL,Canadian Grand Prix,2025,2,HARD,49,77.26661224489796,0.6387066624674219,76.076
43,COL,Emilia Romagna Grand Prix,2025,1,MEDIUM,18,82.52361111111111,0.35442914149357047,81.914
43,COL,Emilia Romagna Grand Prix,2025,2,HARD,17,81.92123529411765,0.7068138483196762,80.798
43,COL,Emilia Romagna Grand Prix,2025,3,HARD,9,80.86700000000002,0.513623889631313,80.345
43,COL,Hungarian Grand Prix,2025,1,MEDIUM,10,83.87230000000001,0.4437434318762742,83.51
43,COL,Hungarian Grand Prix,2025,2,HARD,19,82.53494736842104,0.6971611063356399,81.647
43,COL,Hungarian Grand Prix,2025,3,HARD,31,82.08422580645161,0.8432637669467133,81.256
43,COL,Monaco Grand Prix,2025,2,MEDIUM,7,77.296,0.8899089841101725,75.435
43,COL,Monaco Grand Prix,2025,3,MEDIUM,22,76.89713636363636,1.0451387374504297,75.298
43,COL,Spanish Grand Prix,2025,3,SOFT,9,80.36311111111111,0.3803374963254512,80.056
43,COL,Spanish Grand Prix,2025,4,SOFT,4,80.28325000000001,0.23143231551939367,79.978
7,DOO,Bahrain Grand Prix,2025,1,SOFT,6,99.2145,0.42933844458655396,98.714
7,DOO,Bahrain Grand Prix,2025,2,MEDIUM,16,98.90225000000001,0.5839882989695362,98.013
7,DOO,Bahrain Grand Prix,2025,3,HARD,23,98.29682608695653,0.7235011247194826,96.682
7,DOO,Chinese Grand Prix,2025,1,MEDIUM,8,99.41875,0.12478982330302517,99.179
7,DOO,Chinese Grand Prix,2025,2,HARD,43,97.97820930232558,0.7756520930386364,96.424
7,DOO,Japanese Grand Prix,2025,1,SOFT,13,95.32653846153848,0.622987508620709,94.892
7,DOO,Japanese Grand Prix,2025,2,HARD,36,93.29258333333334,0.4539988908104761,92.685
7,DOO,Saudi Arabian Grand Prix,2025,2,HARD,28,96.23860714285715,0.6494311094127049,95.407
7,DOO,Saudi Arabian Grand Prix,2025,3,HARD,15,94.49319999999999,1.0678601567086006,93.15
10,GAS,Austrian Grand Prix,2025,1,SOFT,7,71.28285714285713,0.48369047560446915,70.776
10,GAS,Austrian Grand Prix,2025,2,HARD,21,71.45752380952382,0.4641571521637502,70.3
10,GAS,Austrian Grand Prix,2025,3,MEDIUM,29,70.80562068965517,0.568975358102686,70.151
10,GAS,Bahrain Grand Prix,2025,1,SOFT,7,98.96328571428572,0.6264667360910487,98.312
10,GAS,Bahrain Grand Prix,2025,2,MEDIUM,16,98.662,0.8233567877900795,97.668
10,GAS,Bahrain Grand Prix,2025,3,HARD,23,97.66265217391305,0.7561455252370185,96.531
10,GAS,Belgian Grand Prix,2025,2,MEDIUM,30,108.05566666666668,0.7651356577187108,107.177
10,GAS,British Grand Prix,2025,3,MEDIUM,7,91.48371428571429,0.7132422950362436,90.751
10,GAS,Canadian Grand Prix,2025,1,HARD,49,77.68444897959183,0.5508951829078016,76.409
10,GAS,Canadian Grand Prix,2025,2,MEDIUM,11,75.60427272727271,0.7982395744272629,74.993
10,GAS,Chinese Grand Prix,2025,1,MEDIUM,7,99.05142857142857,0.32350057039767033,98.528
10,GAS,Chinese Grand Prix,2025,2,HARD,44,97.85475000000001,0.9763899841573497,96.425
10,GAS,Emilia Romagna Grand Prix,2025,1,MEDIUM,5,81.8804,0.3557840637240524,81.541
10,GAS,Emilia Romagna Grand Prix,2025,2,HARD,17,82.22064705882353,0.4686548491662709,81.321
10,GAS,Emilia Romagna Grand Prix,2025,3,HARD,23,81.12104347826087,0.5009476908149257,80.398
10,GAS,Hungarian Grand Prix,2025,1,HARD,28,83.721,0.29771860937867284,83.352
10,GAS,Hungarian Grand Prix,2025,2,MEDIUM,35,82.52097142857143,0.7516314602921036,81.433
10,GAS,Japanese Grand Prix,2025,1,MEDIUM,22,94.74963636363637,0.6055139136032284,94.289
10,GAS,Japanese Grand Prix,2025,2,HARD,27,92.33237037037037,0.34587504948687764,91.82
10,GAS,Miami Grand Prix,2025,1,HARD,5,93.1354,0.7222944690360016,92.523
10,GAS,Miami Grand Prix,2025,2,MEDIUM,23,91.67169565217391,0.387834481422469,91.159
10,GAS,Spanish Grand Prix,2025,3,MEDIUM,9,80.53,0.27243347811897195,80.035
10,GAS,Spanish Grand Prix,2025,4,SOFT,5,78.7366,0.5032964335260091,77.896
6,HAD,Austrian Grand Prix,2025,2,MEDIUM,22,71.92704545454546,0.4938085687768114,70.974
6,HAD,Austrian Grand Prix,2025,3,HARD,38,70.97497368421054,0.6120365863839732,70.204
6,HAD,Bahrain Grand Prix,2025,1,SOFT,3,99.68900000000001,0.0701712191713934,99.631
6,HAD,Bahrain Grand Prix,2025,2,MEDIUM,19,99.35310526315789,0.629981383740541,98.542
6,HAD,Bahrain Grand Prix,2025,3,HARD,23,98.33726086956521,0.6173260680615223,97.158
6,HAD,Belgian Grand Prix,2025,2,MEDIUM,4,110.07925,0.1279410671624522,110.008
6,HAD,Belgian Grand Prix,2025,3,HARD,21,108.36257142857143,0.6482278589684789,107.667
6,HAD,Canadian Grand Prix,2025,1,MEDIUM,10,77.73049999999999,0.5834524164164747,77.198
6,HAD,Canadian Grand Prix,2025,2,HARD,49,77.23189795918367,0.6078930568261287,76.292
6,HAD,Chinese Grand Prix,2025,1,MEDIUM,9,99.05988888888889,0.2223108434402425,98.746
6,HAD,Chinese Grand Prix,2025,2,HARD,18,98.34522222222222,0.7573881245714319,97.675
6,HAD,Chinese Grand Prix,2025,3,HARD,21,97.03966666666666,0.5461252908750273,96.335
6,HAD,Emilia Romagna Grand Prix,2025,1,MEDIUM,25,82.20984,0.38169410527279496,81.233
6,HAD,Emilia Romagna Grand Prix,2025,2,HARD,13,80.97453846153846,0.48504357456909886,80.295
6,HAD,Emilia Romagna Grand Prix,2025,3,HARD,9,80.175,0.39118282170872504,79.473
6,HAD,Hungarian Grand Prix,2025,1,MEDIUM,29,83.75558620689654,0.36299798476825196,83.116
6,HAD,Hungarian Grand Prix,2025,2,HARD,34,81.52,0.7434298890951313,80.802
6,HAD,Japanese Grand Prix,2025,1,MEDIUM,23,94.15769565217391,0.5793098115063391,93.637
6,HAD,Japanese Grand Prix,2025,2,HARD,26,92.11661538461539,0.6501879160318546,91.317
6,HAD,Miami Grand Prix,2025,1,HARD,30,91.57926666666667,0.8722276250412253,90.971
6,HAD,Monaco Grand Prix,2025,1,MEDIUM,2,77.232,0.2036467529817334,77.088
6,HAD,Monaco Grand Prix,2025,2,SOFT,2,76.7815,0.5791204537917842,76.372
6,HAD,Monaco Grand Prix,2025,3,HARD,50,77.11041999999999,0.6460261285548056,76.044
6,HAD,Saudi Arabian Grand Prix,2025,1,HARD,30,95.13256666666666,0.6813074491225567,94.092
6,HAD,Saudi Arabian Grand Prix,2025,2,MEDIUM,14,93.67307142857145,0.24817811974644222,93.257
6,HAD,Spanish Grand Prix,2025,2,MEDIUM,17,80.90088235294118,0.10475977421757651,80.651
6,HAD,Spanish Grand Prix,2025,3,SOFT,3,79.636,0.057714816122030756,79.595
6,HAD,Spanish Grand Prix,2025,4,SOFT,5,78.4838,0.46103329597763437,77.77
44,HAM,Australian Grand Prix,2025,5,HARD,2,85.863,2.3263813101037356,84.218
44,HAM,Austrian Grand Prix,2025,1,MEDIUM,21,70.93280952380952,0.3904455940393749,70.17
44,HAM,Austrian Grand Prix,2025,2,HARD,21,70.10357142857143,0.5157008407428252,69.319
44,HAM,Austrian Grand Prix,2025,3,MEDIUM,18,69.17738888888887,0.29329911230865596,68.628
44,HAM,Bahrain Grand Prix,2025,1,MEDIUM,15,99.42753333333333,0.8459980468287698,98.419
44,HAM,Bahrain Grand Prix,2025,2,MEDIUM,12,97.753,0.4025545699879499,97.288
44,HAM,Bahrain Grand Prix,2025,3,HARD,21,97.32733333333333,0.6421561596164389,96.235
44,HAM,Belgian Grand Prix,2025,2,MEDIUM,31,107.37809677419355,0.6111186112280055,106.534
44,HAM,British Grand Prix,2025,3,SOFT,8,91.53450000000001,1.3370445018771815,90.016
44,HAM,Canadian Grand Prix,2025,1,MEDIUM,12,76.82658333333332,0.3553381125666422,76.433
44,HAM,Canadian Grand Prix,2025,2,HARD,27,76.32307407407407,0.4917870025127309,75.748
44,HAM,Canadian Grand Prix,2025,3,HARD,19,75.42273684210527,0.45461520262320754,74.805
44,HAM,Chinese Grand Prix,2025,1,MEDIUM,11,98.36490909090908,0.35763150156144097,97.802
44,HAM,Chinese Grand Prix,2025,2,HARD,21,97.47352380952381,0.49227803313245877,96.957
44,HAM,Chinese Grand Prix,2025,3,HARD,17,95.41494117647059,0.23023017574490245,95.069
44,HAM,Emilia Romagna Grand Prix,2025,1,HARD,26,82.28919230769232,0.4230433565705316,81.23
44,HAM,Emilia Romagna Grand Prix,2025,2,MEDIUM,14,80.35457142857145,0.5874186967357486,79.473
44,HAM,Emilia Romagna Grand Prix,2025,3,HARD,9,79.27411111111111,0.8067058702594821,78.265
44,HAM,Hungarian Grand Prix,2025,1,HARD,38,83.4177894736842,0.6082396912799796,82.192
44,HAM,Hungarian Grand Prix,2025,2,MEDIUM,25,81.08604,0.8582258579962102,80.022
44,HAM,Japanese Grand Prix,2025,1,HARD,28,93.83417857142858,0.5737713477717499,93.04
44,HAM,Japanese Grand Prix,2025,2,MEDIUM,21,91.86138095238096,0.35848730468323226,91.406
44,HAM,Miami Grand Prix,2025,1,HARD,6,91.83016666666667,0.9450674931806016,90.62
44,HAM,Miami Grand Prix,2025,2,MEDIUM,23,91.0833043478261,0.39165643975098885,90.562
44,HAM,Monaco Grand Prix,2025,1,HARD,6,76.2315,0.8637869528998455,74.977
44,HAM,Monaco Grand Prix,2025,2,HARD,36,75.67450000000001,0.8555230480321879,74.533
44,HAM,Monaco Grand Prix,2025,3,MEDIUM,19,75.67805263157895,0.9051210768414857,74.09
44,HAM,Saudi Arabian Grand Prix,2025,1,MEDIUM,19,95.081,0.7973800850284635,94.444
44,HAM,Saudi Arabian Grand Prix,2025,2,HARD,25,93.27171999999999,0.43767306291340324,92.6
44,HAM,Spanish Grand Prix,2025,1,SOFT,2,80.696,0.08061017305526948,80.639
44,HAM,Spanish Grand Prix,2025,2,MEDIUM,24,80.51029166666667,0.25380144227614043,80.03
44,HAM,Spanish Grand Prix,2025,3,SOFT,6,78.78766666666665,0.35110834035475236,78.344
44,HAM,Spanish Grand Prix,2025,4,SOFT,5,78.65,0.8308649108007882,77.706
27,HUL,Australian Grand Prix,2025,5,MEDIUM,2,86.35749999999999,1.5761410152648139,85.243
27,HUL,Austrian Grand Prix,2025,1,SOFT,7,71.45757142857143,0.39588460319595886,70.949
27,HUL,Austrian Grand Prix,2025,2,MEDIUM,27,71.01862962962963,0.36906932308465457,70.708
27,HUL,Austrian Grand Prix,2025,3,MEDIUM,25,70.25876,0.6381516460319854,69.459
27,HUL,Bahrain Grand Prix,2025,1,SOFT,2,99.924,0.13435028842545246,99.829
27,HUL,Bahrain Grand Prix,2025,2,MEDIUM,19,99.50073684210524,0.3404937333581036,99.037
27,HUL,Bahrain Grand Prix,2025,3,MEDIUM,24,98.19420833333334,0.4856601942463094,97.338
27,HUL,Belgian Grand Prix,2025,2,MEDIUM,17,108.31688235294118,0.5444580886478926,107.656
27,HUL,Belgian Grand Prix,2025,3,NONE,10,106.23179999999999,0.6705370650124848,105.068
27,HUL,British Grand Prix,2025,3,MEDIUM,7,91.54214285714286,0.6334930750927523,90.933
27,HUL,Canadian Grand Prix,2025,1,MEDIUM,16,77.590875,0.4637154120075516,76.987
27,HUL,Canadian Grand Prix,2025,2,HARD,44,76.58847727272726,0.6852290904859504,75.372
27,HUL,Chinese Grand Prix,2025,1,MEDIUM,16,100.1394375,0.5906305070289991,99.459
27,HUL,Chinese Grand Prix,2025,2,HARD,33,98.19027272727273,0.6964570281398946,97.275
27,HUL,Emilia Romagna Grand Prix,2025,1,HARD,24,82.3995,0.23203017045203328,81.922
27,HUL,Emilia Romagna Grand Prix,2025,2,MEDIUM,23,81.43421739130436,0.7699400777464156,80.401
27,HUL,Hungarian Grand Prix,2025,1,SOFT,2,84.2595,0.19445436482630457,84.122
27,HUL,Hungarian Grand Prix,2025,2,MEDIUM,33,82.95818181818181,0.7541303540563071,81.896
27,HUL,Hungarian Grand Prix,2025,3,MEDIUM,26,81.53519230769231,0.9653622333292623,80.013
27,HUL,Japanese Grand Prix,2025,1,MEDIUM,20,94.91625,0.5442196610502836,94.312
27,HUL,Japanese Grand Prix,2025,2,HARD,29,93.18441379310345,0.7687626197450287,92.572
27,HUL,Miami Grand Prix,2025,1,HARD,8,92.943,0.32184290755407013,92.441
27,HUL,Miami Grand Prix,2025,2,MEDIUM,18,91.35449999999999,0.5489422181100023,91.015
27,HUL,Monaco Grand Prix,2025,2,HARD,13,77.55269230769231,0.6659907888020918,76.106
27,HUL,Monaco Grand Prix,2025,3,SOFT,16,76.94437500000001,0.717036761028795,75.223
27,HUL,Saudi Arabian Grand Prix,2025,1,HARD,29,95.91831034482757,0.6003484169004505,95.047
27,HUL,Saudi Arabian Grand Prix,2025,2,MEDIUM,13,93.9573076923077,0.3227714321867679,93.446
27,HUL,Spanish Grand Prix,2025,3,SOFT,5,80.2442,0.47041439178664773,79.794
27,HUL,Spanish Grand Prix,2025,4,SOFT,5,78.20479999999999,0.4116463287823631,77.575
30,LAW,Australian Grand Prix,2025,5,MEDIUM,3,84.46666666666665,1.7110515285441652,82.97
30,LAW,Austrian Grand Prix,2025,1,MEDIUM,25,71.53388,0.29219204871682164,70.941
30,LAW,Austrian Grand Prix,2025,2,HARD,36,70.37891666666667,0.3803449843797835,69.977
30,LAW,Bahrain Grand Prix,2025,1,MEDIUM,11,99.93972727272727,0.24769743273158562,99.609
30,LAW,Bahrain Grand Prix,2025,2,HARD,15,99.27399999999999,0.5793151128703614,98.194
30,LAW,Bahrain Grand Prix,2025,3,SOFT,21,98.00804761904762,0.5019101987597459,97.38
30,LAW,Belgian Grand Prix,2025,2,MEDIUM,30,107.45706666666666,0.5996436259653901,106.649
30,LAW,Canadian Grand Prix,2025,1,HARD,34,77.87952941176472,0.3739554531316736,77.352
30,LAW,Canadian Grand Prix,2025,2,MEDIUM,13,77.27015384615385,0.655790597441217,76.32
30,LAW,Chinese Grand Prix,2025,1,HARD,15,99.48653333333333,0.4461509780759127,98.801
30,LAW,Chinese Grand Prix,2025,2,MEDIUM,9,97.9158888888889,0.22985563101893183,97.626
30,LAW,Chinese Grand Prix,2025,3,HARD,24,96.75591666666666,0.31891758737365294,96.267
30,LAW,Emilia Romagna Grand Prix,2025,1,MEDIUM,6,82.02116666666667,0.13390357226999677,81.798
30,LAW,Emilia Romagna Grand Prix,2025,2,HARD,16,82.25475,0.4119834139056233,81.245
30,LAW,Emilia Romagna Grand Prix,2025,3,HARD,23,81.22208695652175,0.6926896795065315,80.473
30,LAW,Hungarian Grand Prix,2025,1,MEDIUM,36,83.23541666666665,0.29533693833121755,82.279
30,LAW,Hungarian Grand Prix,2025,2,HARD,28,80.89628571428571,0.24729003172056863,80.457
30,LAW,Japanese Grand Prix,2025,1,MEDIUM,31,94.70109677419353,0.5379062715652662,93.959
30,LAW,Japanese Grand Prix,2025,2,SOFT,18,92.65322222222223,0.3645271805496489,92.043
30,LAW,Miami Grand Prix,2025,1,HARD,5,93.34179999999999,1.1887860194332691,91.77
30,LAW,Miami Grand Prix,2025,2,MEDIUM,2,93.684,1.1723830432072968,92.855
30,LAW,Monaco Grand Prix,2025,1,MEDIUM,10,76.96220000000001,0.329748321535617,76.607
30,LAW,Monaco Grand Prix,2025,2,SOFT,5,76.0042,0.2435655969138497,75.8
30,LAW,Monaco Grand Prix,2025,3,HARD,34,76.37382352941175,0.7588422389877987,75.321
30,LAW,Saudi Arabian Grand Prix,2025,1,MEDIUM,16,95.6278125,0.6753880088512088,95.085
30,LAW,Saudi Arabian Grand Prix,2025,2,HARD,28,94.07496428571429,0.8663460296681048,92.998
30,LAW,Spanish Grand Prix,2025,2,MEDIUM,3,81.03066666666668,0.01569500982265786,81.013
30,LAW,Spanish Grand Prix,2025,3,SOFT,11,80.07518181818182,0.49636575590623094,79.424
16,LEC,Australian Grand Prix,2025,5,HARD,2,86.051,1.1030865786510158,85.271
16,LEC,Austrian Grand Prix,2025,1,MEDIUM,20,70.78380000000001,0.5256068773082063,69.912
16,LEC,Austrian Grand Prix,2025,2,HARD,21,69.81819047619048,0.3090847163881814,69.339
16,LEC,Austrian Grand Prix,2025,3,MEDIUM,19,69.12289473684211,0.3010027491083096,68.765
16,LEC,Bahrain Grand Prix,2025,1,MEDIUM,16,98.9424375,0.7708899591813784,98.048
16,LEC,Bahrain Grand Prix,2025,2,MEDIUM,12,97.67241666666666,0.3034332211491856,97.206
16,LEC,Bahrain Grand Prix,2025,3,HARD,21,97.01590476190475,0.6931827251715025,96.142
16,LEC,Belgian Grand Prix,2025,2,MEDIUM,30,106.75696666666667,0.44241722259714805,106.174
16,LEC,British Grand Prix,2025,3,SOFT,7,91.37857142857145,0.36980483913494006,90.819
16,LEC,Canadian Grand Prix,2025,1,HARD,25,76.65888,0.5520662188542239,76.019
16,LEC,Canadian Grand Prix,2025,2,HARD,23,75.37121739130434,0.30296083703129684,74.971
16,LEC,Canadian Grand Prix,2025,3,MEDIUM,12,74.96858333333333,0.5350298986264634,74.261
16,LEC,Chinese Grand Prix,2025,1,MEDIUM,12,98.34108333333334,0.28676961241746163,97.648
16,LEC,Chinese Grand Prix,2025,2,HARD,39,96.99420512820511,0.4834802112908563,96.157
16,LEC,Emilia Romagna Grand Prix,2025,1,MEDIUM,7,81.71585714285713,0.2312483719376442,81.428
16,LEC,Emilia Romagna Grand Prix,2025,2,HARD,16,81.4633125,0.7334710827065148,80.68
16,LEC,Emilia Romagna Grand Prix,2025,3,HARD,24,80.161375,0.582250268355455,79.048
16,LEC,Hungarian Grand Prix,2025,1,MEDIUM,17,82.25811764705882,0.6350125867210187,81.74
16,LEC,Hungarian Grand Prix,2025,2,HARD,19,81.454,0.6675793752223195,80.904
16,LEC,Hungarian Grand Prix,2025,3,HARD,28,81.54510714285713,0.7538882095773114,80.44
16,LEC,Japanese Grand Prix,2025,1,MEDIUM,19,93.8501052631579,0.42339118958146205,93.413
16,LEC,Japanese Grand Prix,2025,2,HARD,30,92.02916666666668,0.3438306603380584,91.469
16,LEC,Miami Grand Prix,2025,1,MEDIUM,5,92.5386,0.7297001438947375,91.641
16,LEC,Miami Grand Prix,2025,2,HARD,23,90.96708695652174,0.39121139519603226,90.461
16,LEC,Monaco Grand Prix,2025,1,MEDIUM,10,75.7255,0.6304913868475016,74.807
16,LEC,Monaco Grand Prix,2025,2,HARD,24,74.74583333333332,0.6874094195928127,74.055
16,LEC,Monaco Grand Prix,2025,3,MEDIUM,28,75.47071428571428,0.761765145938129,74.342
16,LEC,Saudi Arabian Grand Prix,2025,1,MEDIUM,25,94.18439999999998,0.5528890786887846,93.368
16,LEC,Saudi Arabian Grand Prix,2025,2,HARD,19,92.47399999999999,0.2501359630281092,92.192
16,LEC,Spanish Grand Prix,2025,1,SOFT,4,80.87675,0.16141328941571562,80.725
16,LEC,Spanish Grand Prix,2025,2,MEDIUM,18,80.1307777777778,0.4049462644897265,79.467
16,LEC,Spanish Grand Prix,2025,3,MEDIUM,12,79.63641666666668,0.23911596970862664,79.181
16,LEC,Spanish Grand Prix,2025,4,SOFT,5,78.1558,0.7591111249349485,77.259
4,NOR,Australian Grand Prix,2025,4,INTERMEDIATE,2,87.64750000000001,0.2156675682618918,87.495
4,NOR,Australian Grand Prix,2025,5,HARD,2,82.982,1.1525840533340692,82.167
4,NOR,Austrian Grand Prix,2025,1,MEDIUM,15,70.32286666666667,0.7289170898048165,69.313
4,NOR,Austrian Grand Prix,2025,2,HARD,29,69.78296551724138,0.3018064046890483,69.309
4,NOR,Austrian Grand Prix,2025,3,MEDIUM,16,68.8623125,0.45900191993062295,68.272
4,NOR,Bahrain Grand Prix,2025,1,SOFT,9,98.868,1.061485397921236,97.91
4,NOR,Bahrain Grand Prix,2025,2,MEDIUM,19,98.0152105263158,0.434749682633246,97.453
4,NOR,Bahrain Grand Prix,2025,3,MEDIUM,21,96.83214285714286,0.7151572754097036,95.728
4,NOR,Belgian Grand Prix,2025,2,HARD,29,106.32627586206897,0.6412867587098238,105.257
4,NOR,British Grand Prix,2025,3,MEDIUM,6,90.14733333333334,0.3321642164151143,89.734
4,NOR,Canadian Grand Prix,2025,1,HARD,26,76.55373076923077,0.3505003917478334,76.141
4,NOR,Canadian Grand Prix,2025,2,MEDIUM,16,75.199125,0.26878588132563896,74.725
4,NOR,Canadian Grand Prix,2025,3,HARD,18,74.47127777777779,0.2569178869864746,74.229
4,NOR,Chinese Grand Prix,2025,1,MEDIUM,13,98.08815384615383,0.29621103011025063,97.597
4,NOR,Chinese Grand Prix,2025,2,HARD,39,96.76928205128206,0.856496933620282,95.454
4,NOR,Emilia Romagna Grand Prix,2025,1,MEDIUM,25,81.49352,0.5868402763955455,80.829
4,NOR,Emilia Romagna Grand Prix,2025,2,HARD,13,79.78884615384617,0.26543826845233726,79.466
4,NOR,Emilia Romagna Grand Prix,2025,3,HARD,9,78.71333333333334,0.2822060417496397,78.311
4,NOR,Hungarian Grand Prix,2025,1,MEDIUM,28,82.2235714285714,0.37549201585154063,81.44
4,NOR,Hungarian Grand Prix,2025,2,HARD,37,80.48513513513514,0.33434597534773847,79.918
4,NOR,Japanese Grand Prix,2025,1,MEDIUM,20,93.63419999999999,0.4245475114444618,92.988
4,NOR,Japanese Grand Prix,2025,2,HARD,30,91.74816666666666,0.39700395927265014,91.116
4,NOR,Miami Grand Prix,2025,1,MEDIUM,5,91.0928,0.6633307621390694,90.375
4,NOR,Miami Grand Prix,2025,2,HARD,23,90.19882608695652,0.31823014144625095,89.746
4,NOR,Monaco Grand Prix,2025,1,MEDIUM,8,75.82025,0.9330004976265703,74.659
4,NOR,Monaco Grand Prix,2025,2,HARD,29,74.91724137931034,0.8381448756106034,73.872
4,NOR,Monaco Grand Prix,2025,3,HARD,27,75.50796296296296,0.7121032488600485,73.221
4,NOR,Saudi Arabian Grand Prix,2025,1,HARD,30,94.03046666666665,0.8142889317483191,92.952
4,NOR,Saudi Arabian Grand Prix,2025,2,MEDIUM,14,92.14092857142857,0.18432140168976235,91.778
4,NOR,Spanish Grand Prix,2025,1,SOFT,15,80.79793333333333,0.13693922878763615,80.531
4,NOR,Spanish Grand Prix,2025,2,MEDIUM,24,79.95875,0.2413873398214722,79.449
4,NOR,Spanish Grand Prix,2025,3,SOFT,4,78.452,0.4013253044601121,78.114
4,NOR,Spanish Grand Prix,2025,4,SOFT,5,76.96340000000001,0.5556323424711719,76.214
31,OCO,Austrian Grand Prix,2025,1,MEDIUM,14,71.62192857142857,0.34367347300010626,70.909
31,OCO,Austrian Grand Prix,2025,2,HARD,28,70.83142857142857,0.3427789946210817,70.326
31,OCO,Austrian Grand Prix,2025,3,HARD,17,70.03388235294118,0.7166279441203213,69.55
31,OCO,Bahrain Grand Prix,2025,1,SOFT,5,99.1174,0.34813474402880207,98.726
31,OCO,Bahrain Grand Prix,2025,2,MEDIUM,16,98.634625,0.5436884984376027,97.817
31,OCO,Bahrain Grand Prix,2025,3,HARD,24,97.95729166666665,0.47490451938914247,97.098
31,OCO,Belgian Grand Prix,2025,2,MEDIUM,29,107.80662068965518,0.7072958773583222,106.744
31,OCO,British Grand Prix,2025,3,MEDIUM,7,91.25942857142857,0.613081793657493,90.818
31,OCO,Canadian Grand Prix,2025,1,HARD,54,77.28599999999999,0.504325927857604,76.384
31,OCO,Canadian Grand Prix,2025,2,MEDIUM,6,74.8145,0.18660734176339133,74.593
31,OCO,Chinese Grand Prix,2025,1,MEDIUM,8,99.115625,0.1800102675642998,98.906
31,OCO,Chinese Grand Prix,2025,2,HARD,43,97.46781395348837,0.8757164755301512,95.74
31,OCO,Emilia Romagna Grand Prix,2025,2,HARD,21,82.28742857142856,0.43672412017526113,81.423
31,OCO,Hungarian Grand Prix,2025,1,MEDIUM,10,83.7062,0.31189307284530826,83.217
31,OCO,Hungarian Grand Prix,2025,2,HARD,52,82.85934615384615,0.6772324849063047,81.916
31,OCO,Japanese Grand Prix,2025,1,HARD,30,94.75363333333334,0.6080748299761931,93.889
31,OCO,Japanese Grand Prix,2025,2,MEDIUM,19,92.5477894736842,0.2915755246067606,91.967
31,OCO,Miami Grand Prix,2025,1,HARD,28,91.65492857142856,0.21228403903146717,91.122
31,OCO,Monaco Grand Prix,2025,1,MEDIUM,4,76.90725,0.4582476586592313,76.453
31,OCO,Monaco Grand Prix,2025,2,MEDIUM,8,77.2225,0.6436569627637743,76.527
31,OCO,Monaco Grand Prix,2025,3,HARD,41,77.03129268292683,0.8370990754953214,75.157
31,OCO,Saudi Arabian Grand Prix,2025,2,HARD,44,95.46725,0.6226134761613136,94.309
31,OCO,Spanish Grand Prix,2025,2,MEDIUM,3,80.92566666666667,0.11953799953710603,80.793
31,OCO,Spanish Grand Prix,2025,3,MEDIUM,9,79.73611111111111,0.5979463697616318,78.624
81,PIA,Australian Grand Prix,2025,5,HARD,2,83.9125,0.948230193571156,83.242
81,PIA,Austrian Grand Prix,2025,1,MEDIUM,19,70.445,0.7253137252251607,69.271
81,PIA,Austrian Grand Prix,2025,2,HARD,26,69.69334615384615,0.3608688340444698,69.196
81,PIA,Austrian Grand Prix,2025,3,MEDIUM,15,68.78093333333332,0.7277393044477496,67.924
81,PIA,Bahrain Grand Prix,2025,1,SOFT,13,98.63823076923076,0.8946450091000845,97.492
81,PIA,Bahrain Grand Prix,2025,2,MEDIUM,15,97.65026666666667,0.20104706864196,97.142
81,PIA,Bahrain Grand Prix,2025,3,MEDIUM,21,96.1935238095238,0.27911227472965344,95.375
81,PIA,Belgian Grand Prix,2025,2,MEDIUM,30,106.60379999999999,0.6472566191507676,105.706
81,PIA,British Grand Prix,2025,3,MEDIUM,7,90.66728571428573,1.0628462909072207,89.337
81,PIA,Canadian Grand Prix,2025,1,MEDIUM,13,76.68469230769232,0.2893565806565146,76.209
81,PIA,Canadian Grand Prix,2025,2,HARD,26,75.6526923076923,0.3162950229429185,75.203
81,PIA,Canadian Grand Prix,2025,3,HARD,20,74.7362,0.40199117560359127,74.255
81,PIA,Chinese Grand Prix,2025,1,MEDIUM,12,97.92841666666665,0.23586454446002011,97.539
81,PIA,Chinese Grand Prix,2025,2,HARD,40,96.59945,0.5751007916120626,95.52
81,PIA,Emilia Romagna Grand Prix,2025,1,MEDIUM,10,81.3963,0.24250134020248243,81.096
81,PIA,Emilia Romagna Grand Prix,2025,2,HARD,13,81.31723076923078,0.4573301422105924,80.698
81,PIA,Emilia Romagna Grand Prix,2025,3,HARD,23,79.69726086956521,0.478240260784863,78.894
81,PIA,Hungarian Grand Prix,2025,1,MEDIUM,16,82.3535625,0.7271698534959603,81.663
81,PIA,Hungarian Grand Prix,2025,2,HARD,25,81.45551999999999,0.628589566675531,80.898
81,PIA,Hungarian Grand Prix,2025,3,HARD,23,79.95930434782609,0.4804357335493945,79.412
81,PIA,Japanese Grand Prix,2025,1,MEDIUM,19,93.7731052631579,0.4639889719399265,93.253
81,PIA,Japanese Grand Prix,2025,2,HARD,31,91.74393548387098,0.4700082932235609,91.039
81,PIA,Miami Grand Prix,2025,1,MEDIUM,5,91.00760000000001,0.753380581114222,90.17
81,PIA,Miami Grand Prix,2025,2,HARD,22,90.33872727272725,0.21716466910271906,89.992
81,PIA,Monaco Grand Prix,2025,1,MEDIUM,9,76.05477777777779,0.9431632649994608,74.934
81,PIA,Monaco Grand Prix,2025,2,HARD,26,75.1105,0.8802434322390613,73.818
81,PIA,Monaco Grand Prix,2025,3,HARD,28,75.16999999999999,0.7865395377502925,73.745
81,PIA,Saudi Arabian Grand Prix,2025,1,MEDIUM,15,94.09253333333335,0.7083706522382058,93.418
81,PIA,Saudi Arabian Grand Prix,2025,2,HARD,29,92.84362068965518,0.3203564324972494,92.228
81,PIA,Spanish Grand Prix,2025,1,SOFT,15,80.65586666666667,0.30476498361540016,79.866
81,PIA,Spanish Grand Prix,2025,2,MEDIUM,24,79.89541666666666,0.33563877019493965,79.235
81,PIA,Spanish Grand Prix,2025,3,SOFT,3,78.149,0.5634687214034163,77.766
81,PIA,Spanish Grand Prix,2025,4,SOFT,5,76.6658,0.5793597328085509,75.933
63,RUS,Australian Grand Prix,2025,5,HARD,2,85.652,0.8301433611130115,85.065
63,RUS,Austrian Grand Prix,2025,1,MEDIUM,13,71.23553846153847,0.45514331358093846,70.574
63,RUS,Austrian Grand Prix,2025,2,MEDIUM,24,70.84508333333333,0.40983654394602703,70.237
63,RUS,Austrian Grand Prix,2025,3,HARD,23,69.9753043478261,0.25590773102510833,69.532
63,RUS,Bahrain Grand Prix,2025,1,SOFT,11,98.66218181818182,0.404402724565952,97.817
63,RUS,Bahrain Grand Prix,2025,2,MEDIUM,16,97.997625,0.18910909549780888,97.653
63,RUS,Bahrain Grand Prix,2025,3,SOFT,21,96.89090476190475,0.5608062860526714,95.842
63,RUS,Belgian Grand Prix,2025,2,MEDIUM,30,107.18686666666667,0.4165856896025223,106.566
63,RUS,British Grand Prix,2025,3,HARD,7,91.478,0.507512233021696,90.869
63,RUS,Canadian Grand Prix,2025,1,MEDIUM,10,76.32469999999999,0.3067293595337753,75.808
63,RUS,Canadian Grand Prix,2025,2,HARD,27,75.76403703703704,0.29537752655014843,75.299
63,RUS,Canadian Grand Prix,2025,3,HARD,23,74.868,0.4279339371275136,74.119
63,RUS,Chinese Grand Prix,2025,1,MEDIUM,12,98.19291666666668,0.4082493574750474,97.463
63,RUS,Chinese Grand Prix,2025,2,HARD,40,96.8358,0.6850970060453528,95.816
63,RUS,Emilia Romagna Grand Prix,2025,1,MEDIUM,8,81.91537500000001,0.5807677031309529,81.385
63,RUS,Emilia Romagna Grand Prix,2025,2,HARD,15,81.733,0.3326205474281885,81.356
63,RUS,Emilia Romagna Grand Prix,2025,3,HARD,24,80.55533333333334,0.6453170212934212,79.733
63,RUS,Hungarian Grand Prix,2025,1,MEDIUM,17,82.51441176470587,0.671756192642048,81.931
63,RUS,Hungarian Grand Prix,2025,2,HARD,22,81.6519090909091,0.6520366560752558,81.113
63,RUS,Hungarian Grand Prix,2025,3,HARD,25,80.52664,0.564443079504036,79.611
63,RUS,Japanese Grand Prix,2025,1,MEDIUM,17,93.98347058823529,0.4844088043232519,93.603
63,RUS,Japanese Grand Prix,2025,2,HARD,32,92.13440625,0.7033458223136966,91.357
63,RUS,Miami Grand Prix,2025,1,HARD,5,91.6202,0.8537161120653654,90.318
63,RUS,Miami Grand Prix,2025,2,MEDIUM,23,90.84395652173913,0.16878509150580875,90.516
63,RUS,Monaco Grand Prix,2025,1,HARD,11,77.00300000000001,0.7009924393315546,75.966
63,RUS,Monaco Grand Prix,2025,2,MEDIUM,10,75.4345,1.4397645833800565,73.483
63,RUS,Monaco Grand Prix,2025,3,HARD,7,73.92642857142857,0.3838019702671557,73.405
63,RUS,Saudi Arabian Grand Prix,2025,1,MEDIUM,16,94.4143125,0.6643610181971834,93.857
63,RUS,Saudi Arabian Grand Prix,2025,2,HARD,28,93.56392857142855,0.5491790457934672,92.893
63,RUS,Spanish Grand Prix,2025,2,MEDIUM,18,80.43783333333334,0.2916055454164875,79.512
63,RUS,Spanish Grand Prix,2025,3,SOFT,11,79.30345454545456,0.1753974706980507,79.047
63,RUS,Spanish Grand Prix,2025,4,SOFT,5,77.9898,0.6617142132371082,77.244
55,SAI,Bahrain Grand Prix,2025,1,SOFT,10,99.6995,0.8311821902166425,98.389
55,SAI,Bahrain Grand Prix,2025,2,MEDIUM,15,98.8286,0.6612240597126341,97.809
55,SAI,Bahrain Grand Prix,2025,3,HARD,7,98.70857142857143,0.7027132789274408,97.832
55,SAI,Belgian Grand Prix,2025,2,MEDIUM,11,108.95836363636363,0.3704635670959496,108.431
55,SAI,Belgian Grand Prix,2025,3,HARD,16,106.7758125,0.3015166592965211,106.073
55,SAI,British Grand Prix,2025,3,MEDIUM,7,91.65014285714285,1.1738843538400534,90.645
55,SAI,Canadian Grand Prix,2025,1,HARD,52,77.28211538461538,0.4697954771460744,76.426
55,SAI,Canadian Grand Prix,2025,2,MEDIUM,7,74.80357142857143,0.37980515054558556,74.389
55,SAI,Chinese Grand Prix,2025,1,MEDIUM,14,99.18957142857143,0.24962609401500105,98.787
55,SAI,Chinese Grand Prix,2025,2,HARD,37,97.7380810810811,0.5773191096389874,96.779
55,SAI,Emilia Romagna Grand Prix,2025,1,MEDIUM,8,81.870625,0.43870521749478253,81.38
55,SAI,Emilia Romagna Grand Prix,2025,2,HARD,15,81.92106666666665,0.5184141293635897,81.268
55,SAI,Emilia Romagna Grand Prix,2025,3,HARD,23,80.69239130434784,0.6069751184903736,79.836
55,SAI,Hungarian Grand Prix,2025,1,SOFT,11,83.63581818181817,0.27017172989853055,83.21
55,SAI,Hungarian Grand Prix,2025,2,HARD,33,82.96963636363635,0.7111079303708858,81.99
55,SAI,Hungarian Grand Prix,2025,3,MEDIUM,16,81.34912499999999,0.9995108720435889,80.267
55,SAI,Japanese Grand Prix,2025,1,MEDIUM,31,94.75006451612902,0.5462788015585602,93.932
55,SAI,Japanese Grand Prix,2025,2,SOFT,18,92.154,0.664806473388177,91.106
55,SAI,Miami Grand Prix,2025,1,MEDIUM,3,91.972,0.6941548818527435,91.546
55,SAI,Miami Grand Prix,2025,2,HARD,23,91.07291304347825,0.22209619395115435,90.703
55,SAI,Monaco Grand Prix,2025,1,HARD,12,76.56325,0.6132712769165926,75.516
55,SAI,Monaco Grand Prix,2025,2,MEDIUM,2,74.565,0.09758073580374725,74.496
55,SAI,Monaco Grand Prix,2025,3,MEDIUM,20,75.863,1.2423193927827938,73.988
55,SAI,Saudi Arabian Grand Prix,2025,1,MEDIUM,17,95.33347058823529,0.6945848686128152,94.69
55,SAI,Saudi Arabian Grand Prix,2025,2,HARD,27,94.0087037037037,0.49762032289184843,92.466
55,SAI,Spanish Grand Prix,2025,3,MEDIUM,13,80.574,0.1669411073802168,80.378
55,SAI,Spanish Grand Prix,2025,4,SOFT,4,80.02,0.5607691146987371,79.317
18,STR,Australian Grand Prix,2025,5,HARD,2,86.4195,1.246629255231887,85.538
18,STR,Austrian Grand Prix,2025,1,MEDIUM,16,71.823875,0.4987755507239708,70.931
18,STR,Austrian Grand Prix,2025,2,HARD,24,71.0795,0.4745119231561949,70.51
18,STR,Austrian Grand Prix,2025,3,SOFT,14,69.83207142857142,0.5495059969275514,69.276
18,STR,Bahrain Grand Prix,2025,1,SOFT,9,100.08022222222223,0.312804163086818,99.708
18,STR,Bahrain Grand Prix,2025,2,MEDIUM,17,99.38917647058824,0.3944165366864886,98.667
18,STR,Bahrain Grand Prix,2025,3,HARD,21,98.68809523809526,0.4491626548102485,98.064
18,STR,Belgian Grand Prix,2025,2,MEDIUM,30,107.98473333333335,0.6463248320355229,107.212
18,STR,British Grand Prix,2025,4,SOFT,7,92.80314285714284,0.6274587446123282,92.088
18,STR,Canadian Grand Prix,2025,1,HARD,19,77.92247368421052,0.3488304854830482,77.394
18,STR,Canadian Grand Prix,2025,2,HARD,24,76.864625,0.5552304505886455,76.217
18,STR,Canadian Grand Prix,2025,3,MEDIUM,13,75.18053846153848,0.4269751388907438,74.902
18,STR,Chinese Grand Prix,2025,1,HARD,33,98.87666666666668,0.54175274957001,97.867
18,STR,Chinese Grand Prix,2025,2,MEDIUM,18,96.80094444444445,0.2888811015793057,96.044
18,STR,Emilia Romagna Grand Prix,2025,1,MEDIUM,10,82.01100000000001,0.3836769474440703,81.527
18,STR,Emilia Romagna Grand Prix,2025,2,HARD,26,82.36334615384614,0.44665950721395703,81.851
18,STR,Emilia Romagna Grand Prix,2025,3,MEDIUM,9,80.87833333333334,0.47678323166822906,80.501
18,STR,Hungarian Grand Prix,2025,1,MEDIUM,32,83.27821875000001,0.2325526973751369,82.878
18,STR,Hungarian Grand Prix,2025,2,HARD,32,81.1314375,0.39972360914721783,80.708
18,STR,Japanese Grand Prix,2025,1,SOFT,6,95.30049999999999,0.14528695743252304,95.104
18,STR,Japanese Grand Prix,2025,2,HARD,19,94.42089473684211,0.5932013799655059,93.625
18,STR,Japanese Grand Prix,2025,3,MEDIUM,19,92.58931578947367,0.2923536771012468,92.052
18,STR,Miami Grand Prix,2025,1,HARD,28,92.52060714285717,0.6437991600379798,91.769
18,STR,Monaco Grand Prix,2025,2,HARD,16,77.4779375,0.6743868789500576,76.433
18,STR,Monaco Grand Prix,2025,3,MEDIUM,11,76.01718181818183,0.8759876503903296,74.877
18,STR,Saudi Arabian Grand Prix,2025,1,HARD,34,95.67135294117647,0.3927553701079878,95.171
18,STR,Saudi Arabian Grand Prix,2025,2,MEDIUM,8,93.71675,0.8893522120863346,92.745
22,TSU,Australian Grand Prix,2025,5,MEDIUM,2,85.67,2.087379218062687,84.194
22,TSU,Austrian Grand Prix,2025,1,MEDIUM,12,71.68991666666666,0.40703036704522266,70.949
22,TSU,Austrian Grand Prix,2025,2,HARD,9,70.96488888888888,0.3844055295012175,70.539
22,TSU,Austrian Grand Prix,2025,3,MEDIUM,26,70.69903846153846,0.636804804050299,70.015
22,TSU,Austrian Grand Prix,2025,4,SOFT,5,70.70419999999999,0.8744176347718549,69.806
22,TSU,Bahrain Grand Prix,2025,1,SOFT,8,99.40725,0.6833659864439954,98.565
22,TSU,Bahrain Grand Prix,2025,2,MEDIUM,18,98.9975,0.7042640923437092,98.081
22,TSU,Bahrain Grand Prix,2025,3,SOFT,21,97.97252380952379,0.46488532124037013,97.225
22,TSU,Belgian Grand Prix,2025,2,MEDIUM,29,107.95213793103449,0.5573467581918763,107.241
22,TSU,British Grand Prix,2025,3,MEDIUM,5,91.7456,0.7621940697748818,90.873
22,TSU,Canadian Grand Prix,2025,1,HARD,52,77.43857692307691,0.48890623609472167,76.557
22,TSU,Canadian Grand Prix,2025,2,MEDIUM,7,76.20185714285715,0.9362637499785045,75.358
22,TSU,Chinese Grand Prix,2025,1,MEDIUM,8,99.038375,0.22042487382326062,98.762
22,TSU,Chinese Grand Prix,2025,2,HARD,21,98.13947619047617,0.5682855460987575,97.646
22,TSU,Chinese Grand Prix,2025,3,HARD,8,96.8215,0.17239821013323703,96.499
22,TSU,Chinese Grand Prix,2025,4,MEDIUM,7,96.67085714285713,0.6393852330093942,95.871
22,TSU,Emilia Romagna Grand Prix,2025,1,HARD,23,82.51130434782608,0.28099537925392143,81.993
22,TSU,Emilia Romagna Grand Prix,2025,2,MEDIUM,23,81.08265217391303,0.7003317141765192,80.039
22,TSU,Hungarian Grand Prix,2025,1,MEDIUM,16,83.7635,0.24432382882832449,83.424
22,TSU,Hungarian Grand Prix,2025,2,SOFT,14,82.63257142857142,0.7124593067230302,81.331
22,TSU,Hungarian Grand Prix,2025,3,HARD,29,82.04172413793103,0.7314897175603711,81.18
22,TSU,Japanese Grand Prix,2025,1,MEDIUM,21,94.74128571428571,0.4967405905356588,94.02
22,TSU,Japanese Grand Prix,2025,2,HARD,28,92.4529285714286,0.44361652847772165,91.871
22,TSU,Miami Grand Prix,2025,1,MEDIUM,4,92.21625,0.7141588875500073,91.531
22,TSU,Miami Grand Prix,2025,2,HARD,23,91.28321739130435,0.15409381927364893,90.964
22,TSU,Monaco Grand Prix,2025,2,HARD,19,77.25094736842105,0.9966564923496426,75.32
22,TSU,Monaco Grand Prix,2025,3,MEDIUM,2,75.39949999999999,0.68801489809451,74.913
22,TSU,Spanish Grand Prix,2025,2,SOFT,2,80.26650000000001,0.5352798333582099,79.888
22,TSU,Spanish Grand Prix,2025,3,SOFT,8,80.673125,0.3051624567341148,80.229
22,TSU,Spanish Grand Prix,2025,4,SOFT,7,79.70142857142856,0.4091869406285508,79.133
22,TSU,Spanish Grand Prix,2025,5,SOFT,4,80.01925,0.33380370978565854,79.526
1,VER,Australian Grand Prix,2025,5,MEDIUM,2,84.935,2.6219519446397173,83.081
1,VER,Bahrain Grand Prix,2025,1,SOFT,7,98.90871428571428,0.45572459310630303,98.475
1,VER,Bahrain Grand Prix,2025,2,HARD,13,98.90207692307693,0.7259775549260524,98.087
1,VER,Bahrain Grand Prix,2025,3,MEDIUM,25,97.48868,0.6953902213865245,96.167
1,VER,Belgian Grand Prix,2025,2,MEDIUM,30,106.76893333333334,0.48101687785524583,106.096
1,VER,British Grand Prix,2025,3,MEDIUM,8,91.515375,1.2924150082583459,90.179
1,VER,Canadian Grand Prix,2025,1,MEDIUM,9,76.45822222222222,0.38910788278374187,75.901
1,VER,Canadian Grand Prix,2025,2,HARD,23,75.92304347826087,0.2100797420593324,75.464
1,VER,Canadian Grand Prix,2025,3,HARD,28,74.91471428571428,0.3626472479628455,74.287
1,VER,Chinese Grand Prix,2025,1,MEDIUM,10,98.844,0.2932590815113623,98.302
1,VER,Chinese Grand Prix,2025,2,HARD,41,96.76841463414634,0.719172926896228,95.488
1,VER,Emilia Romagna Grand Prix,2025,1,MEDIUM,27,81.251,0.1661241426440805,80.856
1,VER,Emilia Romagna Grand Prix,2025,2,HARD,13,79.86630769230769,0.2781778162181466,79.513
1,VER,Emilia Romagna Grand Prix,2025,3,HARD,9,78.28711111111112,0.22892872495846836,77.988
1,VER,Hungarian Grand Prix,2025,1,MEDIUM,14,83.35921428571429,0.2752585298256129,83.083
1,VER,Hungarian Grand Prix,2025,2,HARD,29,82.41227586206898,0.898622751633684,81.316
1,VER,Hungarian Grand Prix,2025,3,HARD,20,80.83815000000001,0.564999606427436,79.689
1,VER,Japanese Grand Prix,2025,1,MEDIUM,20,93.61955000000002,0.4206050122333183,93.064
1,VER,Japanese Grand Prix,2025,2,HARD,30,91.77023333333334,0.4248035394466904,91.041
1,VER,Miami Grand Prix,2025,1,MEDIUM,3,91.56833333333334,0.47422498176849753,91.025
1,VER,Miami Grand Prix,2025,2,HARD,23,90.79952173913044,0.24144863364232708,90.466
1,VER,Monaco Grand Prix,2025,1,HARD,17,75.93441176470589,0.9637253926056635,75.035
1,VER,Monaco Grand Prix,2025,2,MEDIUM,46,75.34395652173914,0.7259277269358843,74.23
1,VER,Saudi Arabian Grand Prix,2025,1,MEDIUM,17,93.98400000000001,0.6628549049377253,93.511
1,VER,Saudi Arabian Grand Prix,2025,2,HARD,27,92.75655555555558,0.26413419277873035,92.28
1,VER,Spanish Grand Prix,2025,1,SOFT,6,80.85566666666666,0.19044229222172712,80.537
1,VER,Spanish Grand Prix,2025,2,SOFT,13,80.06123076923078,0.35524830608232094,79.45
1,VER,Spanish Grand Prix,2025,3,MEDIUM,15,79.52793333333332,0.5825938877942655,78.455
1,VER,Spanish Grand Prix,2025,4,SOFT,5,78.58760000000001,0.35498492925756747,77.997
1,VER,Spanish Grand Prix,2025,5,HARD,5,78.17800000000001,1.1426558974599474,77.019
